{
  "series": "('cpu_usage', (('cpu', '4'), ('instance', 'localhost:9100'), ('job', 'node_exporter'), ('mode', 'idle')))",
  "window": "medium",
  "stats": {
    "count": 1,
    "mean": 0.915757427612862,
    "median": 0.915757427612862,
    "stdev": 0.0,
    "min": 0.915757427612862,
    "max": 0.915757427612862
  },
  "slope": 0.0
}