{
  "series": "('cpu_usage', (('cpu', '4'), ('instance', 'localhost:9100'), ('job', 'node_exporter'), ('mode', 'user')))",
  "window": "short",
  "stats": {
    "count": 1,
    "mean": 0.05155440990201592,
    "median": 0.05155440990201592,
    "stdev": 0.0,
    "min": 0.05155440990201592,
    "max": 0.05155440990201592
  },
  "slope": 0.0
}