{
  "series": "('cpu_usage', (('cpu', '1'), ('instance', 'localhost:9100'), ('job', 'node_exporter'), ('mode', 'idle')))",
  "window": "long",
  "stats": {
    "count": 1,
    "mean": 0.9635555555555684,
    "median": 0.9635555555555684,
    "stdev": 0.0,
    "min": 0.9635555555555684,
    "max": 0.9635555555555684
  },
  "slope": 0.0
}