{
  "series": "('cpu_usage', (('cpu', '1'), ('instance', 'localhost:9100'), ('job', 'node_exporter'), ('mode', 'user')))",
  "window": "medium",
  "stats": {
    "count": 1,
    "mean": 0.015333333333334543,
    "median": 0.015333333333334543,
    "stdev": 0.0,
    "min": 0.015333333333334543,
    "max": 0.015333333333334543
  },
  "slope": 0.0
}