{
  "series": "('cpu_usage', (('cpu', '0'), ('instance', 'localhost:9100'), ('job', 'node_exporter'), ('mode', 'idle')))",
  "window": "short",
  "stats": {
    "count": 1,
    "mean": 0.9335348103377551,
    "median": 0.9335348103377551,
    "stdev": 0.0,
    "min": 0.9335348103377551,
    "max": 0.9335348103377551
  },
  "slope": 0.0
}