{
  "series": "('cpu_usage', (('cpu', '6'), ('instance', 'localhost:9100'), ('job', 'node_exporter'), ('mode', 'softirq')))",
  "window": "long",
  "stats": {
    "count": 1,
    "mean": 0.00044443456812077797,
    "median": 0.00044443456812077797,
    "stdev": 0.0,
    "min": 0.00044443456812077797,
    "max": 0.00044443456812077797
  },
  "slope": 0.0
}