{
  "series": "('cpu_usage', (('cpu', '7'), ('instance', 'localhost:9100'), ('job', 'node_exporter'), ('mode', 'user')))",
  "window": "long",
  "stats": {
    "count": 1,
    "mean": 0.028222222222221816,
    "median": 0.028222222222221816,
    "stdev": 0.0,
    "min": 0.028222222222221816,
    "max": 0.028222222222221816
  },
  "slope": 0.0
}