{
  "series": "('cpu_usage', (('cpu', '5'), ('instance', 'localhost:9100'), ('job', 'node_exporter'), ('mode', 'iowait')))",
  "window": "short",
  "stats": {
    "count": 1,
    "mean": 0.0026666074087243518,
    "median": 0.0026666074087243518,
    "stdev": 0.0,
    "min": 0.0026666074087243518,
    "max": 0.0026666074087243518
  },
  "slope": 0.0
}