{
  "series": "('cpu_usage', (('cpu', '4'), ('instance', 'localhost:9100'), ('job', 'node_exporter'), ('mode', 'system')))",
  "window": "long",
  "stats": {
    "count": 1,
    "mean": 0.012221950623318472,
    "median": 0.012221950623318472,
    "stdev": 0.0,
    "min": 0.012221950623318472,
    "max": 0.012221950623318472
  },
  "slope": 0.0
}