{
  "series": "('cpu_usage', (('cpu', '1'), ('instance', 'localhost:9100'), ('job', 'node_exporter'), ('mode', 'softirq')))",
  "window": "long",
  "stats": {
    "count": 1,
    "mean": 0.0006666666666666918,
    "median": 0.0006666666666666918,
    "stdev": 0.0,
    "min": 0.0006666666666666918,
    "max": 0.0006666666666666918
  },
  "slope": 0.0
}